{
  "project_info": {
    "project_number": "250487764999",
    "firebase_url": "https://notification-f532e.firebaseio.com",
    "project_id": "notification-f532e",
    "storage_bucket": "notification-f532e.appspot.com"
  },
  "client": [
    {
      "client_info": {
        "mobilesdk_app_id": "1:250487764999:android:7a482e0b014dfd504712a2",
        "android_client_info": {
          "package_name": "com.example.notification"
        }
      },
      "oauth_client": [
        {
          "client_id": "250487764999-akbtmsojislfam5t8crqeppa8c8g5afp.apps.googleusercontent.com",
          "client_type": 3
        }
      ],
      "api_key": [
        {
          "current_key": "AIzaSyCeR0FMQVHezUm0bMk4w4as8J0OS_4cVrw"
        }
      ],
      "services": {
        "appinvite_service": {
          "other_platform_oauth_client": [
            {
              "client_id": "250487764999-akbtmsojislfam5t8crqeppa8c8g5afp.apps.googleusercontent.com",
              "client_type": 3
            }
          ]
        }
      }
    },
    {
      "client_info": {
        "mobilesdk_app_id": "1:250487764999:android:6f72176ac3009b834712a2",
        "android_client_info": {
          "package_name": "com.notificationdemo.app"
        }
      },
      "oauth_client": [
        {
          "client_id": "250487764999-akbtmsojislfam5t8crqeppa8c8g5afp.apps.googleusercontent.com",
          "client_type": 3
        }
      ],
      "api_key": [
        {
          "current_key": "AIzaSyCeR0FMQVHezUm0bMk4w4as8J0OS_4cVrw"
        }
      ],
      "services": {
        "appinvite_service": {
          "other_platform_oauth_client": [
            {
              "client_id": "250487764999-akbtmsojislfam5t8crqeppa8c8g5afp.apps.googleusercontent.com",
              "client_type": 3
            }
          ]
        }
      }
    }
  ],
  "configuration_version": "1"
}